{
  "002-requests-10" : {
    "transaction" : "002-requests-10",
    "sampleCount" : 1,
    "errorCount" : 0,
    "errorPct" : 0.0,
    "meanResTime" : 57.0,
    "medianResTime" : 57.0,
    "minResTime" : 57.0,
    "maxResTime" : 57.0,
    "pct1ResTime" : 57.0,
    "pct2ResTime" : 57.0,
    "pct3ResTime" : 57.0,
    "throughput" : 17.543859649122805,
    "receivedKBytesPerSec" : 16.190378289473685,
    "sentKBytesPerSec" : 43.39706688596491
  },
  "002-requests-12" : {
    "transaction" : "002-requests-12",
    "sampleCount" : 1,
    "errorCount" : 0,
    "errorPct" : 0.0,
    "meanResTime" : 204.0,
    "medianResTime" : 204.0,
    "minResTime" : 204.0,
    "maxResTime" : 204.0,
    "pct1ResTime" : 204.0,
    "pct2ResTime" : 204.0,
    "pct3ResTime" : 204.0,
    "throughput" : 4.901960784313726,
    "receivedKBytesPerSec" : 2.795649509803922,
    "sentKBytesPerSec" : 12.149586397058824
  },
  "002-requests-11" : {
    "transaction" : "002-requests-11",
    "sampleCount" : 1,
    "errorCount" : 0,
    "errorPct" : 0.0,
    "meanResTime" : 85.0,
    "medianResTime" : 85.0,
    "minResTime" : 85.0,
    "maxResTime" : 85.0,
    "pct1ResTime" : 85.0,
    "pct2ResTime" : 85.0,
    "pct3ResTime" : 85.0,
    "throughput" : 11.76470588235294,
    "receivedKBytesPerSec" : 17.394301470588236,
    "sentKBytesPerSec" : 30.997242647058822
  },
  "001-requests-13" : {
    "transaction" : "001-requests-13",
    "sampleCount" : 1,
    "errorCount" : 0,
    "errorPct" : 0.0,
    "meanResTime" : 114.0,
    "medianResTime" : 114.0,
    "minResTime" : 114.0,
    "maxResTime" : 114.0,
    "pct1ResTime" : 114.0,
    "pct2ResTime" : 114.0,
    "pct3ResTime" : 114.0,
    "throughput" : 8.771929824561402,
    "receivedKBytesPerSec" : 1397.9320860745613,
    "sentKBytesPerSec" : 13.389185855263158
  },
  "002-requests-14" : {
    "transaction" : "002-requests-14",
    "sampleCount" : 1,
    "errorCount" : 0,
    "errorPct" : 0.0,
    "meanResTime" : 1259.0,
    "medianResTime" : 1259.0,
    "minResTime" : 1259.0,
    "maxResTime" : 1259.0,
    "pct1ResTime" : 1259.0,
    "pct2ResTime" : 1259.0,
    "pct3ResTime" : 1259.0,
    "throughput" : 0.7942811755361397,
    "receivedKBytesPerSec" : 3.5091094122319304,
    "sentKBytesPerSec" : 4.023375446783161
  },
  "002-requests-13" : {
    "transaction" : "002-requests-13",
    "sampleCount" : 1,
    "errorCount" : 0,
    "errorPct" : 0.0,
    "meanResTime" : 85.0,
    "medianResTime" : 85.0,
    "minResTime" : 85.0,
    "maxResTime" : 85.0,
    "pct1ResTime" : 85.0,
    "pct2ResTime" : 85.0,
    "pct3ResTime" : 85.0,
    "throughput" : 11.76470588235294,
    "receivedKBytesPerSec" : 17.394301470588236,
    "sentKBytesPerSec" : 30.997242647058822
  },
  "002-requests-16" : {
    "transaction" : "002-requests-16",
    "sampleCount" : 1,
    "errorCount" : 0,
    "errorPct" : 0.0,
    "meanResTime" : 218.0,
    "medianResTime" : 218.0,
    "minResTime" : 218.0,
    "maxResTime" : 218.0,
    "pct1ResTime" : 218.0,
    "pct2ResTime" : 218.0,
    "pct3ResTime" : 218.0,
    "throughput" : 4.587155963302752,
    "receivedKBytesPerSec" : 20.194237385321102,
    "sentKBytesPerSec" : 23.128404529816514
  },
  "002-requests-15" : {
    "transaction" : "002-requests-15",
    "sampleCount" : 1,
    "errorCount" : 0,
    "errorPct" : 0.0,
    "meanResTime" : 89.0,
    "medianResTime" : 89.0,
    "minResTime" : 89.0,
    "maxResTime" : 89.0,
    "pct1ResTime" : 89.0,
    "pct2ResTime" : 89.0,
    "pct3ResTime" : 89.0,
    "throughput" : 11.235955056179774,
    "receivedKBytesPerSec" : 50.08997542134831,
    "sentKBytesPerSec" : 56.4870084269663
  },
  "CUG-01" : {
    "transaction" : "CUG-01",
    "sampleCount" : 2,
    "errorCount" : 0,
    "errorPct" : 0.0,
    "meanResTime" : 306.0,
    "medianResTime" : 306.0,
    "minResTime" : 114.0,
    "maxResTime" : 498.0,
    "pct1ResTime" : 498.0,
    "pct2ResTime" : 498.0,
    "pct3ResTime" : 498.0,
    "throughput" : 2.336448598130841,
    "receivedKBytesPerSec" : 12.829932096962617,
    "sentKBytesPerSec" : 1.833336375584112
  },
  "002-requests" : {
    "transaction" : "002-requests",
    "sampleCount" : 1,
    "errorCount" : 0,
    "errorPct" : 0.0,
    "meanResTime" : 2768.0,
    "medianResTime" : 2768.0,
    "minResTime" : 2768.0,
    "maxResTime" : 2768.0,
    "pct1ResTime" : 2768.0,
    "pct2ResTime" : 2768.0,
    "pct3ResTime" : 2768.0,
    "throughput" : 0.361271676300578,
    "receivedKBytesPerSec" : 27.198747403359828,
    "sentKBytesPerSec" : 18.090396947254337
  },
  "002-requests-01" : {
    "transaction" : "002-requests-01",
    "sampleCount" : 1,
    "errorCount" : 0,
    "errorPct" : 0.0,
    "meanResTime" : 62.0,
    "medianResTime" : 62.0,
    "minResTime" : 62.0,
    "maxResTime" : 62.0,
    "pct1ResTime" : 62.0,
    "pct2ResTime" : 62.0,
    "pct3ResTime" : 62.0,
    "throughput" : 16.129032258064516,
    "receivedKBytesPerSec" : 15.042212701612904,
    "sentKBytesPerSec" : 39.89730342741935
  },
  "002-requests-00" : {
    "transaction" : "002-requests-00",
    "sampleCount" : 1,
    "errorCount" : 0,
    "errorPct" : 0.0,
    "meanResTime" : 56.0,
    "medianResTime" : 56.0,
    "minResTime" : 56.0,
    "maxResTime" : 56.0,
    "pct1ResTime" : 56.0,
    "pct2ResTime" : 56.0,
    "pct3ResTime" : 56.0,
    "throughput" : 17.857142857142858,
    "receivedKBytesPerSec" : 16.880580357142858,
    "sentKBytesPerSec" : 44.17201450892857
  },
  "001-requests-01" : {
    "transaction" : "001-requests-01",
    "sampleCount" : 1,
    "errorCount" : 0,
    "errorPct" : 0.0,
    "meanResTime" : 65.0,
    "medianResTime" : 65.0,
    "minResTime" : 65.0,
    "maxResTime" : 65.0,
    "pct1ResTime" : 65.0,
    "pct2ResTime" : 65.0,
    "pct3ResTime" : 65.0,
    "throughput" : 15.384615384615385,
    "receivedKBytesPerSec" : 19.155649038461537,
    "sentKBytesPerSec" : 37.75540865384615
  },
  "001-requests-00" : {
    "transaction" : "001-requests-00",
    "sampleCount" : 1,
    "errorCount" : 0,
    "errorPct" : 0.0,
    "meanResTime" : 160.0,
    "medianResTime" : 160.0,
    "minResTime" : 160.0,
    "maxResTime" : 160.0,
    "pct1ResTime" : 160.0,
    "pct2ResTime" : 160.0,
    "pct3ResTime" : 160.0,
    "throughput" : 6.25,
    "receivedKBytesPerSec" : 69.293212890625,
    "sentKBytesPerSec" : 9.21630859375
  },
  "002-requests-07" : {
    "transaction" : "002-requests-07",
    "sampleCount" : 1,
    "errorCount" : 0,
    "errorPct" : 0.0,
    "meanResTime" : 55.0,
    "medianResTime" : 55.0,
    "minResTime" : 55.0,
    "maxResTime" : 55.0,
    "pct1ResTime" : 55.0,
    "pct2ResTime" : 55.0,
    "pct3ResTime" : 55.0,
    "throughput" : 18.18181818181818,
    "receivedKBytesPerSec" : 16.974431818181817,
    "sentKBytesPerSec" : 44.97514204545455
  },
  "001-requests-06" : {
    "transaction" : "001-requests-06",
    "sampleCount" : 1,
    "errorCount" : 0,
    "errorPct" : 0.0,
    "meanResTime" : 62.0,
    "medianResTime" : 62.0,
    "minResTime" : 62.0,
    "maxResTime" : 62.0,
    "pct1ResTime" : 62.0,
    "pct2ResTime" : 62.0,
    "pct3ResTime" : 62.0,
    "throughput" : 16.129032258064516,
    "receivedKBytesPerSec" : 17.49936995967742,
    "sentKBytesPerSec" : 40.84236391129032
  },
  "002-requests-06" : {
    "transaction" : "002-requests-06",
    "sampleCount" : 1,
    "errorCount" : 0,
    "errorPct" : 0.0,
    "meanResTime" : 54.0,
    "medianResTime" : 54.0,
    "minResTime" : 54.0,
    "maxResTime" : 54.0,
    "pct1ResTime" : 54.0,
    "pct2ResTime" : 54.0,
    "pct3ResTime" : 54.0,
    "throughput" : 18.51851851851852,
    "receivedKBytesPerSec" : 17.28877314814815,
    "sentKBytesPerSec" : 45.8080150462963
  },
  "002-requests-09" : {
    "transaction" : "002-requests-09",
    "sampleCount" : 1,
    "errorCount" : 0,
    "errorPct" : 0.0,
    "meanResTime" : 56.0,
    "medianResTime" : 56.0,
    "minResTime" : 56.0,
    "maxResTime" : 56.0,
    "pct1ResTime" : 56.0,
    "pct2ResTime" : 56.0,
    "pct3ResTime" : 56.0,
    "throughput" : 17.857142857142858,