{
  "002-requests-10" : {
    "transaction" : "002-requests-10",
    "sampleCount" : 3000,
    "errorCount" : 0,
    "errorPct" : 0.0,
    "meanResTime" : 63.551666666666655,
    "medianResTime" : 58.0,
    "minResTime" : 51.0,
    "maxResTime" : 510.0,
    "pct1ResTime" : 66.0,
    "pct2ResTime" : 90.94999999999982,
    "pct3ResTime" : 179.97999999999956,
    "throughput" : 8.519774396373984,
    "receivedKBytesPerSec" : 7.860273969320292,
    "sentKBytesPerSec" : 21.107241861485505
  },
  "002-requests-12" : {
    "transaction" : "002-requests-12",
    "sampleCount" : 3000,
    "errorCount" : 0,
    "errorPct" : 0.0,
    "meanResTime" : 137.20799999999983,
    "medianResTime" : 101.0,
    "minResTime" : 78.0,
    "maxResTime" : 2998.0,
    "pct1ResTime" : 197.0,
    "pct2ResTime" : 253.0,
    "pct3ResTime" : 854.6399999999921,
    "throughput" : 8.517331349741498,
    "receivedKBytesPerSec" : 4.845887428738328,
    "sentKBytesPerSec" : 21.14277788858195
  },
  "002-requests-11" : {
    "transaction" : "002-requests-11",
    "sampleCount" : 3000,
    "errorCount" : 0,
    "errorPct" : 0.0,
    "meanResTime" : 66.88799999999998,
    "medianResTime" : 59.0,
    "minResTime" : 51.0,
    "maxResTime" : 839.0,
    "pct1ResTime" : 67.0,
    "pct2ResTime" : 99.94999999999982,
    "pct3ResTime" : 219.97999999999956,
    "throughput" : 8.520185740049133,
    "receivedKBytesPerSec" : 12.584810794187813,
    "sentKBytesPerSec" : 22.48114243265503
  },
  "001-requests-13" : {
    "transaction" : "001-requests-13",
    "sampleCount" : 3000,
    "errorCount" : 0,
    "errorPct" : 0.0,
    "meanResTime" : 97.21966666666702,
    "medianResTime" : 91.0,
    "minResTime" : 66.0,
    "maxResTime" : 358.0,
    "pct1ResTime" : 120.0,
    "pct2ResTime" : 124.0,
    "pct3ResTime" : 315.0,
    "throughput" : 8.513729808270806,
    "receivedKBytesPerSec" : 1356.7796315931741,
    "sentKBytesPerSec" : 12.995077822585221
  },
  "002-requests-14" : {
    "transaction" : "002-requests-14",
    "sampleCount" : 3000,
    "errorCount" : 0,
    "errorPct" : 0.0,
    "meanResTime" : 186.78933333333373,
    "medianResTime" : 90.0,
    "minResTime" : 70.0,
    "maxResTime" : 3420.0,
    "pct1ResTime" : 233.0,
    "pct2ResTime" : 427.59999999999854,
    "pct3ResTime" : 2672.5999999999913,
    "throughput" : 8.52633643218294,
    "receivedKBytesPerSec" : 37.540998577878135,
    "sentKBytesPerSec" : 43.22203104083831
  },
  "002-requests-13" : {
    "transaction" : "002-requests-13",
    "sampleCount" : 3000,
    "errorCount" : 0,
    "errorPct" : 0.0,
    "meanResTime" : 69.66100000000003,
    "medianResTime" : 62.0,
    "minResTime" : 54.0,
    "maxResTime" : 886.0,
    "pct1ResTime" : 77.0,
    "pct2ResTime" : 109.94999999999982,
    "pct3ResTime" : 201.95999999999913,
    "throughput" : 8.526263734389833,
    "receivedKBytesPerSec" : 12.598984037946137,
    "sentKBytesPerSec" : 22.49717967182411
  },
  "002-requests-16" : {
    "transaction" : "002-requests-16",
    "sampleCount" : 3000,
    "errorCount" : 0,
    "errorPct" : 0.0,
    "meanResTime" : 126.27833333333346,
    "medianResTime" : 90.0,
    "minResTime" : 71.0,
    "maxResTime" : 1445.0,
    "pct1ResTime" : 200.9000000000001,
    "pct2ResTime" : 284.9499999999998,
    "pct3ResTime" : 553.9599999999991,
    "throughput" : 8.592246356887545,
    "receivedKBytesPerSec" : 37.82563886484253,
    "sentKBytesPerSec" : 43.35476338027564
  },
  "002-requests-15" : {
    "transaction" : "002-requests-15",
    "sampleCount" : 3000,
    "errorCount" : 0,
    "errorPct" : 0.0,
    "meanResTime" : 131.48499999999999,
    "medianResTime" : 90.0,
    "minResTime" : 70.0,
    "maxResTime" : 2502.0,
    "pct1ResTime" : 203.0,
    "pct2ResTime" : 300.9499999999998,
    "pct3ResTime" : 733.9899999999998,
    "throughput" : 8.59244323259171,
    "receivedKBytesPerSec" : 38.31824953045878,
    "sentKBytesPerSec" : 43.22989090819261
  },
  "CUG-01" : {
    "transaction" : "CUG-01",
    "sampleCount" : 40,
    "errorCount" : 0,
    "errorPct" : 0.0,
    "meanResTime" : 228.4,
    "medianResTime" : 220.0,
    "minResTime" : 107.0,
    "maxResTime" : 881.0,
    "pct1ResTime" : 380.19999999999993,
    "pct2ResTime" : 584.5499999999992,
    "pct3ResTime" : 881.0,
    "throughput" : 0.6979584714709475,
    "receivedKBytesPerSec" : 3.8324497524428547,
    "sentKBytesPerSec" : 0.5476656560809632
  },
  "002-requests" : {
    "transaction" : "002-requests",
    "sampleCount" : 3000,
    "errorCount" : 0,
    "errorPct" : 0.0,
    "meanResTime" : 1495.8200000000022,
    "medianResTime" : 1324.0,
    "minResTime" : 1049.0,
    "maxResTime" : 6782.0,
    "pct1ResTime" : 1710.8000000000002,
    "pct2ResTime" : 2081.0,
    "pct3ResTime" : 5792.949999999999,
    "throughput" : 8.48250765546316,
    "receivedKBytesPerSec" : 638.4374159480687,
    "sentKBytesPerSec" : 425.3041531241076
  },
  "002-requests-01" : {
    "transaction" : "002-requests-01",
    "sampleCount" : 3000,
    "errorCount" : 0,
    "errorPct" : 0.0,
    "meanResTime" : 63.25566666666666,
    "medianResTime" : 58.0,
    "minResTime" : 51.0,
    "maxResTime" : 997.0,
    "pct1ResTime" : 65.0,
    "pct2ResTime" : 86.0,
    "pct3ResTime" : 170.98999999999978,
    "throughput" : 8.515663143074494,
    "receivedKBytesPerSec" : 7.939655593761709,
    "sentKBytesPerSec" : 21.097056472329772
  },
  "002-requests-00" : {
    "transaction" : "002-requests-00",
    "sampleCount" : 3000,
    "errorCount" : 0,
    "errorPct" : 0.0,
    "meanResTime" : 68.35066666666673,
    "medianResTime" : 58.0,
    "minResTime" : 51.0,
    "maxResTime" : 1025.0,
    "pct1ResTime" : 71.0,
    "pct2ResTime" : 112.0,
    "pct3ResTime" : 334.9599999999991,
    "throughput" : 8.515421428206482,
    "receivedKBytesPerSec" : 8.047671990224297,
    "sentKBytesPerSec" : 21.09645763790725
  },
  "001-requests-01" : {
    "transaction" : "001-requests-01",
    "sampleCount" : 3000,
    "errorCount" : 0,
    "errorPct" : 0.0,
    "meanResTime" : 78.63400000000014,
    "medianResTime" : 65.0,
    "minResTime" : 57.0,
    "maxResTime" : 1921.0,
    "pct1ResTime" : 92.0,
    "pct2ResTime" : 135.0,
    "pct3ResTime" : 287.97999999999956,
    "throughput" : 8.51694446100517,
    "receivedKBytesPerSec" : 10.609476205254104,
    "sentKBytesPerSec" : 20.93388429092179
  },
  "001-requests-00" : {
    "transaction" : "001-requests-00",
    "sampleCount" : 3000,
    "errorCount" : 0,
    "errorPct" : 0.0,
    "meanResTime" : 83.44199999999996,
    "medianResTime" : 67.0,
    "minResTime" : 56.0,
    "maxResTime" : 773.0,
    "pct1ResTime" : 124.0,
    "pct2ResTime" : 172.0,
    "pct3ResTime" : 277.0,
    "throughput" : 8.511121198365865,
    "receivedKBytesPerSec" : 94.31210525242567,
    "sentKBytesPerSec" : 12.550579110871539
  },
  "002-requests-07" : {
    "transaction" : "002-requests-07",
    "sampleCount" : 3000,
    "errorCount" : 0,
    "errorPct" : 0.0,
    "meanResTime" : 63.927999999999955,
    "medianResTime" : 58.0,
    "minResTime" : 51.0,
    "maxResTime" : 707.0,
    "pct1ResTime" : 66.0,
    "pct2ResTime" : 96.94999999999982,
    "pct3ResTime" : 183.96999999999935,
    "throughput" : 8.519338899301415,
    "receivedKBytesPerSec" : 7.949386252626796,
    "sentKBytesPerSec" : 21.106162943005625
  },
  "001-requests-06" : {
    "transaction" : "001-requests-06",
    "sampleCount" : 3000,
    "errorCount" : 0,
    "errorPct" : 0.0,
    "meanResTime" : 63.31833333333327,
    "medianResTime" : 58.0,
    "minResTime" : 51.0,
    "maxResTime" : 512.0,
    "pct1ResTime" : 66.0,
    "pct2ResTime" : 88.0,
    "pct3ResTime" : 169.0,
    "throughput" : 8.517282986727233,
    "receivedKBytesPerSec" : 9.238687429022642,
    "sentKBytesPerSec" : 21.600129090070265
  },
  "002-requests-06" : {
    "transaction" : "002-requests-06",
    "sampleCount" : 3000,
    "errorCount" : 0,
    "errorPct" : 0.0,
    "meanResTime" : 65.23766666666657,
    "medianResTime" : 58.0,
    "minResTime" : 50.0,
    "maxResTime" : 1021.0,