{
  "002-requests-10" : {
    "transaction" : "002-requests-10",
    "sampleCount" : 2000,
    "errorCount" : 0,
    "errorPct" : 0.0,
    "meanResTime" : 63.89499999999998,
    "medianResTime" : 58.0,
    "minResTime" : 52.0,
    "maxResTime" : 414.0,
    "pct1ResTime" : 67.90000000000009,
    "pct2ResTime" : 92.0,
    "pct3ResTime" : 188.99,
    "throughput" : 6.547373521112005,
    "receivedKBytesPerSec" : 6.039894527950738,
    "sentKBytesPerSec" : 16.209864600315584
  },
  "002-requests-12" : {
    "transaction" : "002-requests-12",
    "sampleCount" : 2000,
    "errorCount" : 0,
    "errorPct" : 0.0,
    "meanResTime" : 134.86200000000005,
    "medianResTime" : 102.0,
    "minResTime" : 81.0,
    "maxResTime" : 2608.0,
    "pct1ResTime" : 177.0,
    "pct2ResTime" : 228.94999999999982,
    "pct3ResTime" : 674.5800000000004,
    "throughput" : 6.546473414771462,
    "receivedKBytesPerSec" : 3.7252342563451695,
    "sentKBytesPerSec" : 16.239601336135227
  },
  "002-requests-11" : {
    "transaction" : "002-requests-11",
    "sampleCount" : 2000,
    "errorCount" : 0,
    "errorPct" : 0.0,
    "meanResTime" : 65.66249999999995,
    "medianResTime" : 59.0,
    "minResTime" : 52.0,
    "maxResTime" : 816.0,
    "pct1ResTime" : 66.0,
    "pct2ResTime" : 93.0,
    "pct3ResTime" : 185.95000000000005,
    "throughput" : 6.547502127938191,
    "receivedKBytesPerSec" : 9.671885102591174,
    "sentKBytesPerSec" : 17.265200435408893
  },
  "001-requests-13" : {
    "transaction" : "001-requests-13",
    "sampleCount" : 2000,
    "errorCount" : 0,
    "errorPct" : 0.0,
    "meanResTime" : 97.2305,
    "medianResTime" : 91.0,
    "minResTime" : 66.0,
    "maxResTime" : 347.0,
    "pct1ResTime" : 119.0,
    "pct2ResTime" : 122.0,
    "pct3ResTime" : 300.0000000000009,
    "throughput" : 6.545959179398557,
    "receivedKBytesPerSec" : 1043.1891135789378,
    "sentKBytesPerSec" : 9.991537302148384
  },
  "002-requests-14" : {
    "transaction" : "002-requests-14",
    "sampleCount" : 2000,
    "errorCount" : 0,
    "errorPct" : 0.0,
    "meanResTime" : 181.674,
    "medianResTime" : 91.0,
    "minResTime" : 73.0,
    "maxResTime" : 5458.0,
    "pct1ResTime" : 213.0,
    "pct2ResTime" : 424.4999999999982,
    "pct3ResTime" : 2046.98,
    "throughput" : 6.549474732126483,
    "receivedKBytesPerSec" : 28.83652495718281,
    "sentKBytesPerSec" : 33.1899748827644
  },
  "002-requests-13" : {
    "transaction" : "002-requests-13",
    "sampleCount" : 2000,
    "errorCount" : 0,
    "errorPct" : 0.0,
    "meanResTime" : 69.74649999999984,
    "medianResTime" : 62.0,
    "minResTime" : 55.0,
    "maxResTime" : 1491.0,
    "pct1ResTime" : 75.0,
    "pct2ResTime" : 111.0,
    "pct3ResTime" : 209.98000000000002,
    "throughput" : 6.549946617935063,
    "receivedKBytesPerSec" : 9.680769929850072,
    "sentKBytesPerSec" : 17.271646345457285
  },
  "002-requests-16" : {
    "transaction" : "002-requests-16",
    "sampleCount" : 2000,
    "errorCount" : 0,
    "errorPct" : 0.0,
    "meanResTime" : 124.28,
    "medianResTime" : 90.0,
    "minResTime" : 71.0,
    "maxResTime" : 2511.0,
    "pct1ResTime" : 185.0,
    "pct2ResTime" : 239.94999999999982,
    "pct3ResTime" : 599.4500000000005,
    "throughput" : 6.5747516387568465,
    "receivedKBytesPerSec" : 28.944946008961384,
    "sentKBytesPerSec" : 33.16397184033873
  },
  "002-requests-15" : {
    "transaction" : "002-requests-15",
    "sampleCount" : 2000,
    "errorCount" : 0,
    "errorPct" : 0.0,
    "meanResTime" : 139.76449999999983,
    "medianResTime" : 91.0,
    "minResTime" : 73.0,
    "maxResTime" : 2150.0,
    "pct1ResTime" : 205.9000000000001,
    "pct2ResTime" : 303.89999999999964,
    "pct3ResTime" : 1125.0,
    "throughput" : 6.574643572135346,
    "receivedKBytesPerSec" : 29.32008849983892,
    "sentKBytesPerSec" : 33.06711848165181
  },
  "CUG-01" : {
    "transaction" : "CUG-01",
    "sampleCount" : 40,
    "errorCount" : 0,
    "errorPct" : 0.0,
    "meanResTime" : 228.05000000000004,
    "medianResTime" : 219.5,
    "minResTime" : 111.0,
    "maxResTime" : 655.0,
    "pct1ResTime" : 374.0,
    "pct2ResTime" : 457.74999999999983,
    "pct3ResTime" : 655.0,
    "throughput" : 0.3488270689805529,
    "receivedKBytesPerSec" : 1.9153382396223946,
    "sentKBytesPerSec" : 0.2737134276619866
  },
  "002-requests" : {
    "transaction" : "002-requests",
    "sampleCount" : 2000,
    "errorCount" : 0,
    "errorPct" : 0.0,
    "meanResTime" : 1486.0445000000002,
    "medianResTime" : 1330.5,
    "minResTime" : 1068.0,
    "maxResTime" : 9735.0,
    "pct1ResTime" : 1693.0,
    "pct2ResTime" : 2074.749999999999,
    "pct3ResTime" : 5681.610000000001,
    "throughput" : 6.523284865326784,
    "receivedKBytesPerSec" : 490.97863466220804,
    "sentKBytesPerSec" : 326.8866461020111
  },
  "002-requests-01" : {
    "transaction" : "002-requests-01",
    "sampleCount" : 2000,
    "errorCount" : 0,
    "errorPct" : 0.0,
    "meanResTime" : 63.997000000000064,
    "medianResTime" : 58.0,
    "minResTime" : 52.0,
    "maxResTime" : 807.0,
    "pct1ResTime" : 65.0,
    "pct2ResTime" : 89.94999999999982,
    "pct3ResTime" : 185.94000000000005,
    "throughput" : 6.547073458164201,
    "receivedKBytesPerSec" : 6.103493247307516,
    "sentKBytesPerSec" : 16.209121710095587
  },
  "002-requests-00" : {
    "transaction" : "002-requests-00",
    "sampleCount" : 2000,
    "errorCount" : 0,
    "errorPct" : 0.0,
    "meanResTime" : 65.90999999999997,
    "medianResTime" : 58.0,
    "minResTime" : 51.0,
    "maxResTime" : 787.0,
    "pct1ResTime" : 67.0,
    "pct2ResTime" : 97.0,
    "pct3ResTime" : 233.99,
    "throughput" : 6.5470948903197925,
    "receivedKBytesPerSec" : 6.186653020747744,
    "sentKBytesPerSec" : 16.20917477142455
  },
  "001-requests-01" : {
    "transaction" : "001-requests-01",
    "sampleCount" : 2000,
    "errorCount" : 0,
    "errorPct" : 0.0,
    "meanResTime" : 75.85049999999994,
    "medianResTime" : 66.0,
    "minResTime" : 56.0,
    "maxResTime" : 1543.0,
    "pct1ResTime" : 89.0,
    "pct2ResTime" : 126.0,
    "pct3ResTime" : 207.98000000000002,
    "throughput" : 6.546109156370183,
    "receivedKBytesPerSec" : 8.14851549075362,
    "sentKBytesPerSec" : 16.078880615334263
  },
  "001-requests-00" : {
    "transaction" : "001-requests-00",
    "sampleCount" : 2000,
    "errorCount" : 0,
    "errorPct" : 0.0,
    "meanResTime" : 98.5505000000001,
    "medianResTime" : 67.0,
    "minResTime" : 57.0,
    "maxResTime" : 2474.0,
    "pct1ResTime" : 132.0,
    "pct2ResTime" : 189.0,
    "pct3ResTime" : 479.8100000000002,
    "throughput" : 6.543903045532478,
    "receivedKBytesPerSec" : 72.52209934851355,
    "sentKBytesPerSec" : 9.649700780033243
  },
  "002-requests-07" : {
    "transaction" : "002-requests-07",
    "sampleCount" : 2000,
    "errorCount" : 0,
    "errorPct" : 0.0,
    "meanResTime" : 63.817500000000074,
    "medianResTime" : 58.0,
    "minResTime" : 52.0,
    "maxResTime" : 793.0,
    "pct1ResTime" : 66.0,
    "pct2ResTime" : 93.0,
    "pct3ResTime" : 172.97000000000003,
    "throughput" : 6.5473306532926525,
    "receivedKBytesPerSec" : 6.110130091367999,
    "sentKBytesPerSec" : 16.2097584689722
  },
  "001-requests-06" : {
    "transaction" : "001-requests-06",
    "sampleCount" : 2000,
    "errorCount" : 0,
    "errorPct" : 0.0,
    "meanResTime" : 65.61949999999995,
    "medianResTime" : 58.0,
    "minResTime" : 52.0,
    "maxResTime" : 878.0,
    "pct1ResTime" : 68.0,
    "pct2ResTime" : 102.0,
    "pct3ResTime" : 208.0,
    "throughput" : 6.546387703265339,
    "receivedKBytesPerSec" : 7.1001679915600695,
    "sentKBytesPerSec" : 16.59100133546309
  },
  "002-requests-06" : {
    "transaction" : "002-requests-06",
    "sampleCount" : 2000,
    "errorCount" : 0,
    "errorPct" : 0.0,
    "meanResTime" : 65.89050000000012,
    "medianResTime" : 58.0,
    "minResTime" : 51.0,
    "maxResTime" : 1016.0,
    "pct1ResTime" : 72.0,
    "pct2ResTime" : 102.0,