{
  "002-requests-10" : {
    "transaction" : "002-requests-10",
    "sampleCount" : 1,
    "errorCount" : 0,
    "errorPct" : 0.0,
    "meanResTime" : 57.0,
    "medianResTime" : 57.0,
    "minResTime" : 57.0,
    "maxResTime" : 57.0,
    "pct1ResTime" : 57.0,
    "pct2ResTime" : 57.0,
    "pct3ResTime" : 57.0,
    "throughput" : 17.543859649122805,
    "receivedKBytesPerSec" : 16.190378289473685,
    "sentKBytesPerSec" : 43.4313322368421
  },
  "002-requests-12" : {
    "transaction" : "002-requests-12",
    "sampleCount" : 1,
    "errorCount" : 0,
    "errorPct" : 0.0,
    "meanResTime" : 99.0,
    "medianResTime" : 99.0,
    "minResTime" : 99.0,
    "maxResTime" : 99.0,
    "pct1ResTime" : 99.0,
    "pct2ResTime" : 99.0,
    "pct3ResTime" : 99.0,
    "throughput" : 10.101010101010102,
    "receivedKBytesPerSec" : 5.750868055555555,
    "sentKBytesPerSec" : 25.055239898989896
  },
  "002-requests-11" : {
    "transaction" : "002-requests-11",
    "sampleCount" : 1,
    "errorCount" : 0,
    "errorPct" : 0.0,
    "meanResTime" : 58.0,
    "medianResTime" : 58.0,
    "minResTime" : 58.0,
    "maxResTime" : 58.0,
    "pct1ResTime" : 58.0,
    "pct2ResTime" : 58.0,
    "pct3ResTime" : 58.0,
    "throughput" : 17.241379310344826,
    "receivedKBytesPerSec" : 25.47481142241379,
    "sentKBytesPerSec" : 45.46066810344827
  },
  "001-requests-13" : {
    "transaction" : "001-requests-13",
    "sampleCount" : 1,
    "errorCount" : 0,
    "errorPct" : 0.0,
    "meanResTime" : 112.0,
    "medianResTime" : 112.0,
    "minResTime" : 112.0,
    "maxResTime" : 112.0,
    "pct1ResTime" : 112.0,
    "pct2ResTime" : 112.0,
    "pct3ResTime" : 112.0,
    "throughput" : 8.928571428571429,
    "receivedKBytesPerSec" : 1422.8951590401784,
    "sentKBytesPerSec" : 13.628278459821429
  },
  "002-requests-14" : {
    "transaction" : "002-requests-14",
    "sampleCount" : 1,
    "errorCount" : 0,
    "errorPct" : 0.0,
    "meanResTime" : 186.0,
    "medianResTime" : 186.0,
    "minResTime" : 186.0,
    "maxResTime" : 186.0,
    "pct1ResTime" : 186.0,
    "pct2ResTime" : 186.0,
    "pct3ResTime" : 186.0,
    "throughput" : 5.376344086021506,
    "receivedKBytesPerSec" : 23.684265793010752,
    "sentKBytesPerSec" : 27.2439936155914
  },
  "002-requests-13" : {
    "transaction" : "002-requests-13",
    "sampleCount" : 1,
    "errorCount" : 0,
    "errorPct" : 0.0,
    "meanResTime" : 61.0,
    "medianResTime" : 61.0,
    "minResTime" : 61.0,
    "maxResTime" : 61.0,
    "pct1ResTime" : 61.0,
    "pct2ResTime" : 61.0,
    "pct3ResTime" : 61.0,
    "throughput" : 16.393442622950822,
    "receivedKBytesPerSec" : 24.23796106557377,
    "sentKBytesPerSec" : 43.224897540983605
  },
  "002-requests-16" : {
    "transaction" : "002-requests-16",
    "sampleCount" : 1,
    "errorCount" : 0,
    "errorPct" : 0.0,
    "meanResTime" : 86.0,
    "medianResTime" : 86.0,
    "minResTime" : 86.0,
    "maxResTime" : 86.0,
    "pct1ResTime" : 86.0,
    "pct2ResTime" : 86.0,
    "pct3ResTime" : 86.0,
    "throughput" : 11.627906976744185,
    "receivedKBytesPerSec" : 51.190043604651166,
    "sentKBytesPerSec" : 58.65052688953489
  },
  "002-requests-15" : {
    "transaction" : "002-requests-15",
    "sampleCount" : 1,
    "errorCount" : 0,
    "errorPct" : 0.0,
    "meanResTime" : 97.0,
    "medianResTime" : 97.0,
    "minResTime" : 97.0,
    "maxResTime" : 97.0,
    "pct1ResTime" : 97.0,
    "pct2ResTime" : 97.0,
    "pct3ResTime" : 97.0,
    "throughput" : 10.309278350515465,
    "receivedKBytesPerSec" : 45.9789787371134,
    "sentKBytesPerSec" : 51.848421391752574
  },
  "CUG-01" : {
    "transaction" : "CUG-01",
    "sampleCount" : 2,
    "errorCount" : 0,
    "errorPct" : 0.0,
    "meanResTime" : 257.5,
    "medianResTime" : 257.5,
    "minResTime" : 138.0,
    "maxResTime" : 377.0,
    "pct1ResTime" : 377.0,
    "pct2ResTime" : 377.0,
    "pct3ResTime" : 377.0,
    "throughput" : 2.6490066225165565,
    "receivedKBytesPerSec" : 14.546254139072847,
    "sentKBytesPerSec" : 2.0785906456953644
  },
  "002-requests" : {
    "transaction" : "002-requests",
    "sampleCount" : 1,
    "errorCount" : 0,
    "errorPct" : 0.0,
    "meanResTime" : 1301.0,
    "medianResTime" : 1301.0,
    "minResTime" : 1301.0,
    "maxResTime" : 1301.0,
    "pct1ResTime" : 1301.0,
    "pct2ResTime" : 1301.0,
    "pct3ResTime" : 1301.0,
    "throughput" : 0.7686395080707148,
    "receivedKBytesPerSec" : 57.8588885953113,
    "sentKBytesPerSec" : 38.51454410069178
  },
  "002-requests-01" : {
    "transaction" : "002-requests-01",
    "sampleCount" : 1,
    "errorCount" : 0,
    "errorPct" : 0.0,
    "meanResTime" : 56.0,
    "medianResTime" : 56.0,
    "minResTime" : 56.0,
    "maxResTime" : 56.0,
    "pct1ResTime" : 56.0,
    "pct2ResTime" : 56.0,
    "pct3ResTime" : 56.0,
    "throughput" : 17.857142857142858,
    "receivedKBytesPerSec" : 16.653878348214285,
    "sentKBytesPerSec" : 44.20689174107143
  },
  "002-requests-00" : {
    "transaction" : "002-requests-00",
    "sampleCount" : 1,
    "errorCount" : 0,
    "errorPct" : 0.0,
    "meanResTime" : 56.0,
    "medianResTime" : 56.0,
    "minResTime" : 56.0,
    "maxResTime" : 56.0,
    "pct1ResTime" : 56.0,
    "pct2ResTime" : 56.0,
    "pct3ResTime" : 56.0,
    "throughput" : 17.857142857142858,
    "receivedKBytesPerSec" : 16.880580357142858,
    "sentKBytesPerSec" : 44.20689174107143
  },
  "001-requests-01" : {
    "transaction" : "001-requests-01",
    "sampleCount" : 1,
    "errorCount" : 0,
    "errorPct" : 0.0,
    "meanResTime" : 64.0,
    "medianResTime" : 64.0,
    "minResTime" : 64.0,
    "maxResTime" : 64.0,
    "pct1ResTime" : 64.0,
    "pct2ResTime" : 64.0,
    "pct3ResTime" : 64.0,
    "throughput" : 15.625,
    "receivedKBytesPerSec" : 19.4549560546875,
    "sentKBytesPerSec" : 38.3758544921875
  },
  "001-requests-00" : {
    "transaction" : "001-requests-00",
    "sampleCount" : 1,
    "errorCount" : 0,
    "errorPct" : 0.0,
    "meanResTime" : 156.0,
    "medianResTime" : 156.0,
    "minResTime" : 156.0,
    "maxResTime" : 156.0,
    "pct1ResTime" : 156.0,
    "pct2ResTime" : 156.0,
    "pct3ResTime" : 156.0,
    "throughput" : 6.41025641025641,
    "receivedKBytesPerSec" : 71.08248197115384,
    "sentKBytesPerSec" : 9.452624198717949
  },
  "002-requests-07" : {
    "transaction" : "002-requests-07",
    "sampleCount" : 1,
    "errorCount" : 0,
    "errorPct" : 0.0,
    "meanResTime" : 68.0,
    "medianResTime" : 68.0,
    "minResTime" : 68.0,
    "maxResTime" : 68.0,
    "pct1ResTime" : 68.0,
    "pct2ResTime" : 68.0,
    "pct3ResTime" : 68.0,
    "throughput" : 14.705882352941176,
    "receivedKBytesPerSec" : 13.74368106617647,
    "sentKBytesPerSec" : 36.40567555147059
  },
  "001-requests-06" : {
    "transaction" : "001-requests-06",
    "sampleCount" : 1,
    "errorCount" : 0,
    "errorPct" : 0.0,
    "meanResTime" : 57.0,
    "medianResTime" : 57.0,
    "minResTime" : 57.0,
    "maxResTime" : 57.0,
    "pct1ResTime" : 57.0,
    "pct2ResTime" : 57.0,
    "pct3ResTime" : 57.0,
    "throughput" : 17.543859649122805,
    "receivedKBytesPerSec" : 19.034402412280702,
    "sentKBytesPerSec" : 44.45929276315789
  },
  "002-requests-06" : {
    "transaction" : "002-requests-06",
    "sampleCount" : 1,
    "errorCount" : 0,
    "errorPct" : 0.0,
    "meanResTime" : 57.0,
    "medianResTime" : 57.0,
    "minResTime" : 57.0,
    "maxResTime" : 57.0,
    "pct1ResTime" : 57.0,
    "pct2ResTime" : 57.0,
    "pct3ResTime" : 57.0,
    "throughput" : 17.543859649122805,
    "receivedKBytesPerSec" : 16.378837719298247,
    "sentKBytesPerSec" : 43.4313322368421
  },
  "002-requests-09" : {
    "transaction" : "002-requests-09",
    "sampleCount" : 1,
    "errorCount" : 0,
    "errorPct" : 0.0,
    "meanResTime" : 58.0,
    "medianResTime" : 58.0,
    "minResTime" : 58.0,
    "maxResTime" : 58.0,
    "pct1ResTime" : 58.0,
    "pct2ResTime" : 58.0,
    "pct3ResTime" : 58.0,
    "throughput" : 17.241379310344826,